latitude,longitude,dots_exten,nearest_location
-46.58083333900163,168.7979166666571,0.164904,"Fortrose, Boat Harbour Road, Fortrose, Waihopai Toetoe Community, Southland District, Southland, New Zealand / Aotearoa"
-46.44708333475944,168.34874999999045,0.124932,"Invercargill Bluff Trail, Kew, Invercargill City, Southland, 9812, New Zealand / Aotearoa"
-46.41875000142471,168.33708333332402,1.21337,"Tweed Street, Appleby, Invercargill City, Southland, 9810, New Zealand / Aotearoa"
-46.357916668088365,168.02124999999046,0.121138,"Te Araroa Trail, Riverton South, Oraka Aparima Community, Southland District, Southland, New Zealand / Aotearoa"
-46.3437500014208,169.81124999999054,0.197533,"Clutha District, New Zealand / Aotearoa"
-46.05291666807267,170.1970833333237,0.179718,"1395, Taieri Mouth Road, Taieri Mouth, Clutha District, Otago, New Zealand / Aotearoa"
-45.92875000139975,170.3920833333234,0.382871,"Brighton Road, Waldronville, Dunedin, Dunedin City, Otago, 9052, New Zealand / Aotearoa"
-45.888750001397625,170.50958333332358,0.144652,"Otago Harbour Trail, Sunshine, Musselburgh, Dunedin, Dunedin City, Otago, 0000, New Zealand / Aotearoa"
-45.875416668063735,170.51708333332385,0.593496,"HarbourCold, 170, Fryatt Street, Dunedin Central, Dunedin, Dunedin City, Otago, 9059, New Zealand / Aotearoa"
-44.42166667191185,171.25958333332346,0.236202,"55C, Redruth Street, Redruth, Parkside, Timaru, Timaru District, Canterbury, 7910, New Zealand / Aotearoa"
-44.36125000132256,171.25708333332352,0.102279,"Bird sanctuary, Sheffield Street, Washdyke, Timaru, Timaru District, Canterbury, 7910, New Zealand / Aotearoa"
-44.28125000131877,171.350416666657,0.129572,"Stop Bank Road, Milford Huts, Timaru District, New Zealand / Aotearoa"
-43.85625000129852,172.3787499999903,0.376397,"Fishermans Point track, Birdlings Flat, Selwyn District, New Zealand / Aotearoa"
-43.5512500012843,172.75041666665675,2.26848,"18, Tern Street, Southshore, Christchurch, Christchurch City, Canterbury, 8062, New Zealand / Aotearoa"
-43.48791666794807,172.72458333332338,2.85002,"Marine Parade, North New Brighton, Christchurch, Christchurch City, Canterbury, 8083, New Zealand / Aotearoa"
-43.39125000127677,172.70708333332357,0.503895,"Waimakari Spit (orange track), Kairaki, Coastal-Burwood Community, Christchurch City, Canterbury, New Zealand / Aotearoa"
-42.88375000125353,147.33791666665775,0.207065,"Hobart Cruise Ship Terminal, Hunter Street, Hobart, City of Hobart, Tasmania, 7000, Australia"
-42.77791666791535,147.45791666665787,0.10896,"City of Clarence, Tasmania, Australia"
-42.43875000123336,171.19208333332335,0.499766,"Hill Quay, Greymouth, Grey District, West Coast, 7840, New Zealand / Aotearoa"
-41.50125000119209,174.06208333332324,0.362587,"Wairau Bar Road, Wairau Bar, Marlborough District, Marlborough, New Zealand / Aotearoa"
-41.41124999444696,174.88541666665674,0.446126,"Coast Road, Lower Hutt City, Wellington, New Zealand / Aotearoa"
-41.37041666785308,175.12458333332347,0.384108,"Sheep Hill Island, Featherston Community, South Wairarapa District, Wellington, New Zealand / Aotearoa"
-41.343333338027264,174.77291666665656,0.247236,"252, The Esplanade, Island Bay, Wellington, Wellington City, Wellington, 6023, New Zealand / Aotearoa"
-41.34041666785157,174.67791666665676,0.298863,"Noel Ashton Way, Wellington, Wellington City, Wellington, New Zealand / Aotearoa"
-41.32958333451796,174.80541666665658,0.253982,"Lyall Bay Car Park, Lyall Parade, Lyall Bay, Wellington, Wellington City, Wellington, 6020, New Zealand / Aotearoa"
-41.30791666785029,173.21874999999,0.165286,"Great Taste Trail, Stoke, Nelson City, Nelson, 7011, New Zealand / Aotearoa"
-41.29791666784996,173.2195833333235,0.306686,"Airport Perimeter Walkway, Nelson City, Nelson, 7011, New Zealand / Aotearoa"
-41.287083334516126,174.78041666665683,1.08666,"Jervois Quay, Lambton, Te Aro, Wellington, Wellington City, Wellington, 6140, New Zealand / Aotearoa"
-41.26291666784829,173.2862499999901,0.836801,"Queen Elizabeth II Drive, The Wood, Nelson City, Nelson, 7030, New Zealand / Aotearoa"
-41.26375001003271,174.78874999999005,1.20911,"Kaitaki exit link, Highland Park, Kaiwharawhara, Wellington, Wellington City, Wellington, 6035, New Zealand / Aotearoa"
-41.24791666784768,174.81458333332353,0.617929,"Te Ara Tupua, Ngauranga, Wellington, Wellington City, Wellington, 6022, New Zealand / Aotearoa"
-41.23875000118062,174.90041666665684,2.08366,"Hutt River Trail, Seaview, Gracefield, Lower Hutt, Lower Hutt City, Wellington, 5010, New Zealand / Aotearoa"
-41.23625000118062,174.89624999999023,2.42931,"Hutt River Trail, Petone, Lower Hutt, Lower Hutt City, Wellington, 5012, New Zealand / Aotearoa"
-41.23041666784684,174.8879166666568,0.119185,"10, Patrick Street, Petone, Lower Hutt, Lower Hutt City, Wellington, 5045, New Zealand / Aotearoa"
-41.17541666784456,146.36458333332462,0.271711,"Heritage Walking Track, East Devonport, Devonport, City of Devonport, Tasmania, 7310, Australia"
-41.09541666784122,174.86291666665704,1.99405,"Te Onepoto Loop Track, Onepoto, Tītahi Bay, Porirua, Porirua City, Wellington, 5025, New Zealand / Aotearoa"
-41.09583333798537,174.86541666665676,0.165719,"Mana, Paremata, Porirua, Porirua City, Wellington, 5026, New Zealand / Aotearoa"
-40.891250001165645,174.98041666665665,0.56945,"Kāpiti Boating Club, Kapiti Road, Paraparaumu Beach, Paraparaumu, Kāpiti Coast District, Wellington, 5252, New Zealand / Aotearoa"
-40.87375000116498,175.00708333332375,0.1993,"Waikanae Estuary Reserve, Paraparaumu, Kāpiti Coast District, Wellington, 5035, New Zealand / Aotearoa"
-40.72791666782547,175.12374999998997,0.113427,"Old Coach Road North, Ōtaki Beach, Kāpiti Coast District, Wellington, 5512, New Zealand / Aotearoa"
-40.59458333448646,175.1829166666569,0.412065,"1, Tawhiti Street, Hokio Beach, Horowhenua District, Manawatū-Whanganui, New Zealand / Aotearoa"
-40.4745833344814,175.23624999999015,1.26618,"Hartley Street, Foxton Beach, Horowhenua District, Manawatū-Whanganui, 4815, New Zealand / Aotearoa"
-40.29458333447383,175.2279166666567,0.214379,"Tangimoana Beach Road, Manawatū District, Manawatū-Whanganui, 4822, New Zealand / Aotearoa"
-39.94624999724522,174.98916666665684,1.28799,"2, Short Street, Castlecliff, Whanganui, Whanganui District, Manawatū-Whanganui, 4541, New Zealand / Aotearoa"
-39.77208333445213,174.48958333332337,0.138492,"Beach Road, Pātea, South Taranaki District, Taranaki, 4520, New Zealand / Aotearoa"
-39.59791666777835,176.94541666665668,0.131471,"Rotary Pathway, Haumoana, Hastings District, Hawke's Bay, 4102, New Zealand / Aotearoa"
-39.586250001111125,174.1954166666569,0.121175,"Rangatapu Street, Ohawe, South Taranaki District, Taranaki, New Zealand / Aotearoa"
-39.56791666777701,176.92874999999026,1.10677,"Rotary Pathway, Clive, Hastings District, Hawke's Bay, 4102, New Zealand / Aotearoa"
-39.53375000110901,176.91958333332343,0.259979,"Hawkes Bay Trails Great Ride, Napier South, Awatoto, Napier, Napier City, Hawke's Bay, 4140, New Zealand / Aotearoa"
-39.47916667047775,176.89416666325894,0.313279,"23, Whakarire Avenue, Westshore, Napier, Napier City, Hawke's Bay, 4110, New Zealand / Aotearoa"
-39.06791666775666,174.0187499999903,0.195353,"Centennial Drive, Moturoa, New Plymouth, New Plymouth District, Taranaki, 4310, New Zealand / Aotearoa"
-39.05874999815313,174.04499999999007,0.483597,"Lee Breakwater, Lynmouth, New Plymouth, New Plymouth District, Taranaki, 4310, New Zealand / Aotearoa"
-39.05541666775616,174.07208333332323,0.828541,"Puke Ariki Landing, New Plymouth, New Plymouth District, Taranaki, 4310, New Zealand / Aotearoa"
-39.04958333442266,174.09041666665678,0.500877,"Coastal Walkway, East End, Strandon, New Plymouth, New Plymouth District, Taranaki, 4312, New Zealand / Aotearoa"
-39.04875000108939,177.4304166666567,0.202675,"Wairoa Riverside Walkway, Wairoa, Wairoa District, Hawke's Bay, 4108, New Zealand / Aotearoa"
-39.03625000108889,174.10791666665682,0.324303,"Coastal Walkway, Fitzroy, New Plymouth, New Plymouth District, Taranaki, 4312, New Zealand / Aotearoa"
-39.01875000108811,174.14541666665707,0.160131,"Walkway to Bell Block Beach, Bell Block, New Plymouth, New Plymouth District, Taranaki, 4312, New Zealand / Aotearoa"
-38.99541666490046,174.1833333333234,0.120989,"Brown Road, New Plymouth, New Plymouth District, Taranaki, 4373, New Zealand / Aotearoa"
-38.987916667753495,174.22958333332326,0.239999,"14B, East Beach, Waitara, New Plymouth District, Taranaki, 4346, New Zealand / Aotearoa"
-38.71000000333464,177.93583333719357,0.104636,"Gisborne District, Gisborne, New Zealand / Aotearoa"
-38.6745833344076,178.02291666665678,0.617042,"Awapuni Road, Victoria, Gisborne, Gisborne District, Gisborne, 4020, New Zealand / Aotearoa"
-38.34875000106132,142.36874999999156,0.110947,"Walking and Bridle Path, Illowa, Shire of Moyne, Victoria, 3282, Australia"
-38.34791666772799,141.61541666665823,0.116891,"R B Anderson Road, Portland, Shire of Glenelg, Victoria, 3305, Australia"
-38.07291666771715,145.12041666665823,0.338561,"Dandenong Creek Trail, Carrum, Melbourne, City of Kingston, Victoria, 3197, Australia"
-38.063750001050096,147.45874999999126,0.19372,"Hollands Landing, Shire of Wellington, Victoria, Australia"
-38.0112500010481,145.08541666665815,4.33865,"221, Beach Road, Mordialloc, Melbourne, City of Kingston, Victoria, 3195, Australia"
-38.00125000104765,144.61291666665807,0.202907,"Eighty Five West B Lagoon South Six Road, Melbourne, City of Wyndham, Victoria, Australia"
-37.9920833343806,177.27624999999,0.246314,"Snell Road, Ōpōtiki, Ōpōtiki District, Bay of Plenty, 3122, New Zealand / Aotearoa"
-37.94291666771204,177.00541666665663,0.835071,"Wairaka Statue, Muriwai Drive, Whakatāne, Whakatāne District, Bay of Plenty, 3158, New Zealand / Aotearoa"
-37.90958333437743,176.88041666665674,0.270435,"Thornton Beach Road, Thornton, Whakatāne District, Bay of Plenty, New Zealand / Aotearoa"
-37.89041666771004,176.78874999999005,0.364923,"1432D, Thornton Road, Whakatāne District, Bay of Plenty, 3194, New Zealand / Aotearoa"
-37.87208333437599,144.82041666665782,0.178359,"255, Esplanade, Altona, Melbourne, City of Hobsons Bay, Victoria, 3018, Australia"
-37.77625000103888,176.48874999998986,0.167795,"Cutwater Road, Western Bay of Plenty District, Bay of Plenty, 3189, New Zealand / Aotearoa"
-37.74875000103776,176.41791666665677,1.40976,"4WD Track, Maketu, Western Bay of Plenty District, Bay of Plenty, 3189, New Zealand / Aotearoa"
-37.72375000103676,176.1529166666567,0.228067,"81, Esk Street, Merivale, Gate Pa, Tauranga City, Bay of Plenty, 3112, New Zealand / Aotearoa"
-37.72041666770332,176.18291666665664,0.148702,"20, Fantail Drive, Maungatapu, Tauranga City, Bay of Plenty, 3112, New Zealand / Aotearoa"
-37.6787500010351,176.1195833333231,0.188227,"92/East Coast Main Trunk, Princess Road, Saint Michaels, Bellevue, Tauranga City, Bay of Plenty, 3110, New Zealand / Aotearoa"
-37.67375000103493,176.17208333332314,0.69369,"Hikuwai Place, Tauranga Central, Tauranga City, Bay of Plenty, 3110, New Zealand / Aotearoa"
-37.67208333436821,176.1212499999899,0.118515,"16, Bay Street, Matua, Tauranga City, Bay of Plenty, 3110, New Zealand / Aotearoa"
-37.343750001022215,174.77374999999006,2.56115,"Tuakau Bridge - Port Waikato Road, Te Kohanga, Waikato District, Waikato, 2682, New Zealand / Aotearoa"
-37.18458333434944,175.56124999998997,0.536852,"Hauraki Rail Trail, Kopu, Thames, Thames-Coromandel District, Waikato, 3500, New Zealand / Aotearoa"
-37.18125000101583,175.49874999998997,0.330453,"Ōrongo, Hauraki District, Waikato, 3500, New Zealand / Aotearoa"
-37.07125000101172,174.90291666665712,0.506251,"Auckland, 2580, New Zealand / Aotearoa"
-37.059583334344666,174.92291666665676,0.146072,"Pahurehure Inlet Bridge Number 2, Auckland Southern Motorway, Longford Park, Conifer Grove, Papakura, Auckland, 2112, New Zealand / Aotearoa"
-37.04791666767744,174.8712499999899,0.301369,"Turnberry Drive, Weymouth, Auckland, 2103, New Zealand / Aotearoa"
-37.04375000101072,174.90624999999,0.431497,"42, Keywella Drive, Waiata Shores, Conifer Grove, Auckland, 2112, New Zealand / Aotearoa"
-37.02125000100983,174.8379166666566,1.51429,"Harbour Ridge Drive, Auckland, 2242, New Zealand / Aotearoa"
-37.005416667675945,174.8104166666567,0.103112,"Puhinui Road Shared Path, Auckland, 2022, New Zealand / Aotearoa"
-36.93375000177792,174.78749999999036,2.78419,"Māngere Bridge, Onehunga Harbour Road, Onehunga, Maungakiekie-Tāmaki, Auckland, 1061, New Zealand / Aotearoa"
-36.92375000100611,174.7720833333235,0.369949,"Hugh Watt Drive, Onehunga, Maungakiekie-Tāmaki, Auckland, 1042, New Zealand / Aotearoa"
-36.90708333433884,174.8620833333232,3.35017,"Pakuranga Rotary Path, Pakūranga, Auckland, 1741, New Zealand / Aotearoa"
-36.88291666767128,174.87208333332353,0.585381,"Tāmaki Path, Point England, Auckland, 1072, New Zealand / Aotearoa"
-36.87041666767067,174.69708333332358,2.7519,"Eric Armishaw Reserve Walkway, Waterview, Auckland, 1026, New Zealand / Aotearoa"
-36.86208333433706,174.80458333332354,0.414122,"Hobson Bay Walkway, Remuera, Auckland, 1050, New Zealand / Aotearoa"
-36.86125000100378,174.7920833333235,1.34433,"Hobson Bay Walkway, Auckland, 1052, New Zealand / Aotearoa"
-36.85791666767017,174.6587499999904,1.97051,"Northwestern Motorway, Te Atatū South, Henderson-Massey, Auckland, 1530, New Zealand / Aotearoa"
-36.852083334336726,174.65708333332327,1.92827,"Te Atatū Shared Path, Te Atatū Peninsula, Auckland, 1530, New Zealand / Aotearoa"
-36.852083334336726,174.70958333332328,2.93315,"Dignan Street, Point Chevalier, Auckland, 1022, New Zealand / Aotearoa"
-36.827500001921294,174.64083333871952,0.803553,"Murray Road, Henderson-Massey, Auckland, 1530, New Zealand / Aotearoa"
-36.80041666766806,174.76624999999,0.121985,"42, Walter Street, Hauraki, Auckland, 0622, New Zealand / Aotearoa"
-36.78708333433429,174.67374999998992,0.526653,"Hobsonville Point Wharf, Launch Bay, Auckland, 0616, New Zealand / Aotearoa"
-36.78708333433429,174.6795833333233,0.368638,"Beach Haven Road, Beach Haven, Kaipātiki, Auckland, 0616, New Zealand / Aotearoa"
-36.767916667666896,174.76874999999006,0.669956,"63, Milford Road, Milford, Auckland, 0620, New Zealand / Aotearoa"
-36.64458333432884,174.72791666665705,0.101824,"Wade River Road, Wade Heads, Whangaparāoa, Hibiscus and Bays, Auckland, 0932, New Zealand / Aotearoa"
-36.617916667661234,174.41874999999004,0.129151,"Rodney, Auckland, New Zealand / Aotearoa"
-36.58708333432668,174.69708333332358,0.129508,"301, Hibiscus Coast Highway, Orewa, Hibiscus and Bays, Auckland, 0931, New Zealand / Aotearoa"
-36.09291666764148,173.9645833333234,0.253946,"Koremoa, Kaipara District, Northland, 0592, New Zealand / Aotearoa"
-35.74958333429561,174.34958333332338,2.30405,"Arataki Wharf, Dawson Street, Port Whangārei, Whangārei, Whangārei District, Northland, 0110, New Zealand / Aotearoa"
-35.334583334280296,174.1179166666568,0.116297,"158, Te Raupo Road, Opua, Far North District, Northland, New Zealand / Aotearoa"
-35.176250000941195,150.5920833333247,0.155273,"Alamein Caravan Park, Alamein Road, Sussex Inlet, Shoalhaven City Council, New South Wales, 2540, Australia"
-35.12708333427281,138.4695833333251,0.16722,"Esplanade, Christies Beach, Adelaide, City of Onkaparinga, South Australia, 5165, Australia"
-34.99875000093488,173.25541666665663,0.230652,"Tamatea Road, Unahi, Te Hiku Community, Far North District, Northland, 0486, New Zealand / Aotearoa"
-34.003750000899345,151.1145833333244,4.54376,"Tom Uglys Bridge, Princes Highway, Blakehurst, St George, Sydney, Georges River Council, New South Wales, 2221, Australia"
-33.96458333423129,151.1895833333242,0.273169,"Port Botany Boat Ramp, Eastern Suburbs, Sydney, Bayside Council, New South Wales, 2019, Australia"
-33.948750000897405,151.16874999999095,3.68886,"Control Tower, General Holmes Drive, Mascot, Sydney, Bayside Council, New South Wales, 2020, Australia"
-33.787083334225144,151.28958333332434,0.256322,"Queenscliff Rock Pool, Greycliffe Street, Queenscliff, Northern Beaches, Sydney, Northern Beaches Council, New South Wales, 2096, Australia"
-33.4383333368238,151.36624999999094,0.109745,"The Entrance Road, Erina, Gosford, Central Coast Council, New South Wales, 2250, Australia"
-33.30791666754186,151.4454166666577,0.155749,"Lake Road, Tuggerah, Central Coast Council, New South Wales, 2259, Australia"
-32.962083334196564,151.6145833333245,0.486769,"Creek Reserve Road, Speers Point, Newcastle-Maitland, City of Lake Macquarie, New South Wales, 2284, Australia"
-32.92375000086196,151.7770833333244,0.631729,"Destiny, Dyke Road, Port Waratah, Carrington, Newcastle, Newcastle-Maitland, City of Newcastle, New South Wales, 2294, Australia"
-32.85041666752602,151.7429166666576,0.443748,"Kooragang, Newcastle-Maitland, City of Newcastle, New South Wales, 2304, Australia"
-32.05625000083245,115.73708333332615,5.55176,"Fleet Street, Fremantle, City of Fremantle, Western Australia, 6959, Australia"
-30.652916667452928,153.0029166666577,0.122374,"Foreshore Caravan Park, Seaview Street, Bellwood, Nambucca Heads, Nambucca Valley Council, New South Wales, 2448, Australia"
-30.50041666744784,153.0312499999909,0.120074,"Urunga Lagoon Footbridge, Urunga, Bellingen Shire Council, New South Wales, 2455, Australia"
-30.29708333410804,153.13958333332425,0.347517,"Solitary Islands Coastal Walk, Coffs Harbour, Coffs Harbour City Council, New South Wales, 2450, Australia"
-28.52875000071856,153.5529166666577,0.115737,"North Head Road, New Brighton, Byron Shire Council, New South Wales, 2483, Australia"
-28.128750000706248,153.48208333332434,0.288906,"Gold Coast Highway, Palm Beach, Gold Coast City, Queensland, 4221, Australia"
-27.913750000699736,153.40874999999107,0.927029,"Shearwater Esplanade, Runaway Bay, Gold Coast City, Queensland, 4216, Australia"
-27.39625000068389,153.14041666665753,1.91947,"Brownlee Street, Pinkenba, Greater Brisbane, Queensland, 4008, Australia"
-27.337916667348797,153.09291666665786,0.535193,"Boondall Wetlands Canoe Trail Portage, Nudgee Beach, Greater Brisbane, Queensland, 4014, Australia"
-27.331250000681905,153.0854166666575,0.699238,"Allpass Parade, Shorncliffe, City of Brisbane, Queensland, 4017, Australia"
-27.150416667342935,153.03874999999084,0.708202,"Saint Smith Road, Beachmere, Greater Brisbane, City of Moreton Bay, Queensland, 4510, Australia"
-24.792916667273403,152.3829166666576,0.325624,"River Road, Fairymead, Bundaberg, Bundaberg Region, Queensland, Australia"
-21.07541666716918,149.20791666665764,0.176248,"Seagull Street, Slade Point, Mackay, Mackay Regional, Queensland, 4740, Australia"
-19.596250000462533,169.3254166666569,0.164691,"Lénakel, Tafea, Vanuatu"
-19.552083333794823,169.27874999999062,0.304569,"Bethel, Tafea, Vanuatu"
-19.531250000460886,169.26458333332403,0.966148,"Lénakel, Tafea, Vanuatu"
-19.520416664903564,169.24916666665706,0.139309,"Lowanatom, Lénakel, Tafea, Vanuatu"
-19.51041666712689,169.46041666665678,0.144773,"Hot Spring, Jungle footpath, Port Resolution, Tafea, Vanuatu"
-19.457083331613774,169.22166666665703,0.142457,"Tanna Airport, tana airport access, Imanaka, Tafea, Vanuatu"
-19.38791666499509,169.24916666665706,0.190002,"Lenafa, Tafea, Vanuatu"
-19.077083333782184,178.10624999999004,0.199282,"Ratu Nacagilevu Hall, Ravitaki, Kadavu, Ravitaki Road, Nasalia Village, Nuku, Kadavu, Eastern, Viti"
-19.077083333782184,178.11374999998975,0.295152,"Baidamudamu, Kadavu, Eastern, Viti"
-19.077083333782184,178.11708333332342,0.278626,"Baidamudamu, Kadavu, Eastern, Viti"
-18.259583333760645,178.0029166666567,0.378571,"Galoa, Serua, Central, Viti"
-18.25958333376053,178.0545833333233,0.36729,"Queens Road, Wainiyabia Village, Serua, Central, Viti"
-18.2587500004272,178.1537499999897,5.71634,"Sadro Village, Serua, Central, Viti"
-18.2562500004272,177.87374999998974,0.378161,"Navacau Settlement, Serua, Central, Viti"
-18.2562500004272,177.93708333332324,0.25008,"Talenaua, Serua, Central, Viti"
-18.2562500004272,178.06791666665652,0.96359,"The Pearl South Pacific resort, Hibiscus Drive, Pacific Harbour, Serua, Central, Viti"
-18.251250000427035,177.8687499999902,1.13606,"Vunaniu, Serua, Central, Viti"
-18.23791666709343,177.82624999998984,0.108718,"Naboutini, Serua, Central, Viti"
-18.22958333375982,177.78374999999016,0.487821,"Namatakula, Nadroga-Navosa, Western, Viti"
-18.21375000042616,177.72874999998976,0.251081,"Queens Road, Korolevu, Nadroga-Navosa, Western, Viti"
-18.202916667092552,177.69291666665663,0.397221,"Naviti Resort, Queens Road, Nadroga-Navosa, Western, Viti"
-18.197916667092443,178.20041666665668,0.300301,"Veivatuloa, Namosi, Central, Viti"
-18.184583333758667,178.24708333332342,1.18747,"Nabukavesi, Namosi, Central, Viti"
-18.182916667091888,177.6079166666567,0.468413,"Vatukarasa, Nadroga-Navosa, Western, Viti"
-18.177083333758446,177.59458333332327,0.612469,"Queens Road, Vatukarasa, Nadroga-Navosa, Western, Viti"
-18.17541666709178,178.2512499999899,0.111727,"Namelimeli, Namosi, Central, Viti"
-18.171250000425005,177.51874999998995,18.6777,"Olosara, Nadroga-Navosa, Western, Viti"
-18.169583333758283,177.5404166666567,0.146804,"Queens Road, Korotogo, Nadroga-Navosa, Western, Viti"
-18.16625000042484,177.46958333332338,0.379739,"Bula Coffee, Queens Road, Mataqe, Nadroga-Navosa, Western, Viti"
-18.150416667091065,178.4512499999903,13.7052,"Queen Elizabeth Drive, Laucala Bay, Suva, Rewa, Central, Viti"
-18.148750000424343,178.29291666665654,0.154933,"Kalokolevu, Rewa, Central, Viti"
-18.1429166670909,178.52374999998983,64.8704,"Laucala, Suva, Rewa, Central, Viti"
-18.132083333757407,177.4187499999898,2.39117,"Voua, Nadroga-Navosa, Western, Viti"
-18.131250000423847,177.40291666665644,0.267627,"Nadroga-Navosa, Western, Viti"
-18.13125000042396,178.46708333332344,43.5376,"Vinod Karsanji Bhindi Street, Vatuwaqa, Suva, Rewa, Central, Viti"
-18.123750000423684,178.32541666665657,0.601434,"Queens Road, Togalevu, Rewa, Central, Viti"
-18.122083333757075,178.51624999999,4.90208,"Suva, Rewa, Central, Viti"
-18.115416667090187,178.42874999999026,2.98072,"Delainavesi, Nadonumai, Rewa, Central, Viti"
-18.11375000042352,178.41208333332327,0.726964,"Marine Drive, Delainavesi, Suvavou Village, Rewa, Central, Viti"
-18.11291666596867,178.3783333333232,0.122804,"Suva, Rewa, Central, Viti"
-18.107916667090024,178.49374999998997,6.04268,"Nasinu, Naitasiri, Central, Viti"
-18.064583333755596,177.30208333332337,5.55837,"Lomawai, Nadroga-Navosa, Western, Viti"
-18.03791666708821,177.29624999999032,0.802803,"Lomawai, Nadroga-Navosa, Western, Viti"
-17.988750000420282,179.24958333332313,0.335176,"Sawaieke, Lomaiviti, Eastern, Viti"
-17.98750000166848,178.62791666665655,0.189543,"Bau, Tailevu, Central, Viti"
-17.977083333753228,177.25874999998996,0.889329,"Korokula, Nadroga-Navosa, Western, Viti"
-17.976250000419952,178.60124999998982,0.293376,"Vuci Road, Tailevu, Central, Viti"
-17.936666668330247,178.5895833333234,0.271611,"Tubalevu, Tailevu, Central, Viti"
-17.92375000041858,178.58624999998983,1.24909,"Namulomulo, Nadaro Village, Tailevu, Central, Viti"
-17.91541666708497,178.57958333332363,3.57283,"Dravuni, Tailevu, Central, Viti"
-17.912916667084858,177.27624999999,0.555843,"Momi Bay, Nalovo Road, Navolo, Nadroga-Navosa, Western, Viti"
-17.897083333751198,178.58541666665667,0.698257,"Dravuni, Tailevu, Central, Viti"
-17.860416667083484,177.31708333332313,0.305346,"Navolo, Nadroga-Navosa, Western, Viti"
-17.847916667083155,178.60874999998987,0.313961,"Naloto Community Hall, Tailevu, Central, Viti"
-17.823749999543224,178.58833333332325,15.3835,"Matacaucau Village, Tailevu, Central, Viti"
-17.817083333749054,177.3629166666567,1.05077,"Nadi, Ba, Western, Viti"
-17.80625000041556,168.45541666665713,0.565125,"Rentapao, Shefa, Vanuatu"
-17.795416667081838,177.36541666665698,20.4828,"Ba, Western, Viti"
-17.79125000041512,168.38208333332386,0.146331,"Ring Road, Teouma Ville Area (Stage 2), Teoma side-road, Shefa, Vanuatu"
-17.767916667081124,168.31208333332347,2.69844,"Port Vila, Shefa, Vanuatu"
-17.762916667080958,178.55291666665664,0.872079,"Matacaucau Village, Tailevu, Central, Viti"
-17.741250000413856,177.42958333332308,4.83358,"Ba, Western, Viti"
-17.732916667080246,178.5637499999898,0.734764,"Korovou, Tailevu, Central, Viti"
-17.71875000041325,178.82708333332312,0.101416,"Lomaiviti, Eastern, Viti"
-17.711250000413088,178.7520833333233,2.34691,"Nasanga, Lomaiviti, Eastern, Viti"
-17.707916667079644,168.2912499999902,0.729194,"Blacksands, Port Vila, Shefa, Vanuatu"
-17.706250000412922,177.42458333332365,0.269911,"Lautoka, Ba, Western, Viti"
-17.706250000412922,178.57124999999007,0.28189,"Tailevu, Central, Viti"
-17.705000001640542,168.28958333332366,0.376214,"Port Vila, Shefa, Vanuatu"
-17.69875000041276,178.57458333332352,0.124677,"Tailevu, Central, Viti"
-17.693750000412592,177.41791666665677,1.33273,"Viseisei Village Road, Lautoka, Ba, Western, Viti"
-17.69291666707926,168.2687499999903,0.137383,"Mele, Shefa, Vanuatu"
-17.692083333745813,178.74458333332348,0.101787,"Nasanga, Lomaiviti, Eastern, Viti"
-17.68375000041226,168.25124999999025,0.147044,"Devil's Point Road, Pukura, Mele, Shefa, Vanuatu"
-17.66208333301421,177.3891666666567,0.528785,"Lautoka, Ba, Western, Viti"
-17.656250000411546,168.53041666665695,0.604237,"Ring Road, Pang Pang, Shefa, Vanuatu"
-17.64375000041133,178.58124999999018,0.649101,"Lawaki, Tailevu, Central, Viti"
-17.640416667077773,178.75708333332318,0.14371,"Lomaiviti, Eastern, Viti"
-17.625416667077445,177.4262499999902,1.21111,"Lautoka, Ba, Western, Viti"
-17.622916666381116,168.50249999999028,0.569172,"Shefa, Vanuatu"
-17.614583333743838,178.51958333332323,0.492384,"Tailevu, Central, Viti"
-17.602916667076897,178.50041666665663,0.128242,"Tailevu, Central, Viti"
-17.59625000041001,177.46041666665656,12.1311,"Bouwalu Street, Lautoka, Ba, Western, Viti"
-17.592916667076622,177.4645833333234,0.183177,"Cemetary Road, Lautoka, Ba, Western, Viti"
-17.584583333743012,178.49124999999003,0.172258,"Silana, Tailevu, Central, Viti"
-17.576250000409516,177.50041666665652,1.95228,"Vitogo Village, Ba, Western, Viti"
-17.57125000040935,177.5070833333234,1.74838,"Matawalu, Ba, Western, Viti"
-17.56250000162578,178.43624999998997,0.220207,"Nadogoloa, Ra, Western, Viti"
-17.55291666707558,168.45958333332374,0.491237,"Ring Road, Napara, Shefa, Vanuatu"
-17.545416667075244,178.40291666665644,0.344382,"Nayavutoka Community Hall, Nayavutoka, Ra, Western, Viti"
-17.508750000407815,146.06624999999133,0.397571,"The Esplanade, Coconuts, Flying Fish Point, Cassowary Coast Regional, Queensland, 4860, Australia"
-17.50541666707437,177.56541666665692,0.119886,"Ba, Western, Viti"
-17.50458333374098,177.56708333332347,0.119006,"Ba, Western, Viti"
-17.500416667074262,177.57291666665674,0.2038,"King's Highway, Natawarau Village, Ba, Western, Viti"
-17.486250000407153,177.59374999998977,0.470463,"Ba, Western, Viti"
-17.47625000040688,177.6079166666567,0.213926,"Ba, Western, Viti"
-17.468750000406658,178.24874999998997,2.59418,"Navuniivi, Ra, Western, Viti"
-17.456250000406328,178.23041666665654,0.16877,"Nanukuloa, Ra, Western, Viti"
-17.455833334947386,177.65041666665672,29.1697,"Votua, Ba, Western, Viti"
-17.447083333739556,177.74958333332324,0.158465,"Natunuku, Ba, Western, Viti"
-17.44541666707272,177.72541666665666,1.99771,"Natunuku, Ba, Western, Viti"
-17.440416667072668,178.2295833333236,0.231196,"King's Highway, Nanokonoko, Ra, Western, Viti"
-17.432083333739058,177.83208333332334,0.521739,"Tavua, Ba, Western, Viti"
-17.42958333373906,177.81291666665652,0.830954,"Tavua, Ba, Western, Viti"
-17.42708333373895,177.94041666665655,0.954192,"King's Highway, Rabulu, Ba, Western, Viti"
-17.426250000405673,177.95458333332328,0.341148,"Rabulu, Ba, Western, Viti"
-17.417083333738617,178.23041666665654,1.05393,"King's Highway, Nanokonoko, Ra, Western, Viti"
-17.41291666707201,177.96458333332316,1.82695,"Rabulu, Ba, Western, Viti"
-17.408750000405178,177.86708333332342,0.542311,"Tavua, Ba, Western, Viti"
-17.408750000405178,177.8695833333231,6.6311,"Tavua, Ba, Western, Viti"
-17.4045833337384,177.99041666665676,0.334349,"Ba, Western, Viti"
-17.39375000040468,178.01374999998984,0.501862,"King's Highway, Togovere, Ra, Western, Viti"
-17.36541666707069,178.0545833333233,0.121346,"Vunitogoloa, Ra, Western, Viti"
-17.35291666707019,178.13124999999002,4.72843,"Vitawa, Ra, Western, Viti"
-16.997083333727858,178.6887499999898,0.421583,"Cross Island Road, Nabouwalu, Bua, Northern, Viti"
-16.997083333727858,179.94708333332323,0.277316,"Vuna Village, Cakaudrove, Northern, Viti"
-16.963750000393702,178.77124999998978,0.14717,"Bua, Northern, Viti"
-16.942083333726316,145.77958333332492,1.27251,"Trawler Base Road, Portsmith, Cairns, Cairns Regional, Queensland, Australia"
-16.93708333372632,179.89874999998983,0.174368,"West Coast Road, Vuna Village, Cakaudrove, Northern, Viti"
-16.917916667059217,168.57374999999047,0.631586,"Mangarisu, Shefa, Vanuatu"
-16.91250000155827,178.82708333332312,0.214565,"Bua, Northern, Viti"
-16.893750000359603,168.52999999999042,0.227736,"morua station, Lumbukuti, Shefa, Vanuatu"
-16.89208333372511,178.64291666665656,0.838444,"Bua, Northern, Viti"
-16.88208333372478,178.91791666665688,1.16281,"Nakorotiki, Bua, Northern, Viti"
-16.87375000039134,179.02374999999017,0.191346,"Cross Island Road, Bua, Northern, Viti"
-16.8620833337244,145.7595833333246,0.377788,"Oshea Esplanade, Machans Beach, Cairns, Cairns Regional, Queensland, Australia"
-16.810416667056415,179.05208333332305,0.385676,"Cakaudrove, Northern, Viti"
-16.80791666705636,179.46874999998977,0.405684,"Hibiscus Highway, Nagigi Village, Cakaudrove, Northern, Viti"
-16.80541666705625,178.59374999998988,0.690479,"Bua, Northern, Viti"
-16.803750000389527,168.2737499999903,0.491254,"Taliko, Shefa, Vanuatu"
-16.800416667056083,179.4745833333235,0.482349,"Hibiscus Highway, Nagigi Village, Cakaudrove, Northern, Viti"
-16.795416667055918,179.3704166666564,0.902721,"Hibiscus Highway, Namale, Wairiki, Cakaudrove, Northern, Viti"
-16.776250000388927,179.1129166666567,0.386215,"Cakaudrove, Northern, Viti"
-16.764583333721873,179.4729166666566,0.194374,"Nagigi Village, Cakaudrove, Northern, Viti"
-16.761250000388486,179.12124999999003,0.437778,"Natuvu, Cakaudrove, Northern, Viti"
-16.76041666705521,168.15541666665695,0.107696,"Ngevin, Moriu, Shefa, Vanuatu"
-16.750416667054708,179.66208333332338,0.187868,"Cakaudrove, Northern, Viti"
-16.7395833338299,179.36083333332328,0.116252,"Cross Island Road, Jerusalami Village, Cakaudrove, Northern, Viti"
-16.729583333720882,179.4820833333231,0.24694,"Cakaudrove, Northern, Viti"
-16.726250000387495,179.1662499999901,0.255057,"Natuvu, Cakaudrove, Northern, Viti"
-16.720416667054167,179.7295833333235,0.329346,"Cakaudrove, Northern, Viti"
-16.69875000038678,179.2704166666565,3.9881,"Tropic Splendor, Cakaudrove, Northern, Viti"
-16.697916667053505,179.87458333332324,0.154704,"Buca Bay Road, Cakaudrove, Northern, Viti"
-16.68875000038662,168.25458333332358,0.607663,"Maté, Shefa, Vanuatu"
-16.679166668200935,168.28541666665683,0.135072,"Lepa, Mate Wan, Shefa, Vanuatu"
-16.67041666722338,179.5033333333232,0.372786,"Vunidogoloa (old village), Cakaudrove, Northern, Viti"
-16.67041666705279,179.6787499999898,0.49518,"Drekeniwai Village, Cakaudrove, Northern, Viti"
-16.667083333719347,179.82124999998996,0.127209,"Tukavesi, Buca, Cakaudrove, Northern, Viti"
-16.66625000038607,178.56958333332352,0.344521,"Nasau Village, Bua, Northern, Viti"
-16.652083333718906,179.84541666665632,0.260941,"Buca Community Hall, Natewa, Buca Bay Ferry Wharf, Cakaudrove, Northern, Viti"
-16.65125000038563,178.71791666665672,1.01288,"Lekutu, Bua, Northern, Viti"
-16.643750000385467,168.1345833333237,0.137823,"Ngevin, Moriu, Shefa, Vanuatu"
-16.62541666705164,168.15041666665684,0.211087,"Ngevin, Moriu, Shefa, Vanuatu"
-16.62208333371808,178.7554166666564,0.316987,"Tavea Village, Bua, Northern, Viti"
-16.611250000384587,179.8629166666566,0.125812,"Kanakana Community Hall, Cakaudrove, Northern, Viti"
-16.6045833337177,179.55124999998986,0.868432,"Cakaudrove, Northern, Viti"
-16.599166668192765,178.8087499999899,0.746243,"Bua, Northern, Viti"
-16.59625000038426,168.167916666657,1.88764,"Paradise Sunset Bungalow, Lamen Bay, Shefa, Vanuatu"
-16.576250000383766,178.8195833333233,0.44732,"Macuata, Northern, Viti"
-16.57250000185269,168.17666666719165,0.262444,"Lemaru, Shefa, Vanuatu"
-16.572916670083032,179.56625000173494,0.345137,"Cakaudrove, Northern, Viti"
-16.5712500003836,167.53541666665694,0.229025,"Malampa, Vanuatu"
-16.571250000641612,179.89083333332314,0.502824,"Koroivonu Village, Cakaudrove, Northern, Viti"
-16.568750000383602,167.49124999999026,0.293897,"Malampa, Vanuatu"
-16.556666668188427,178.8620833333232,6.99174,"Macuata, Northern, Viti"
-16.54250000152024,167.5470833333237,1.0742,"Malampa, Vanuatu"
-16.507083333715173,179.63958333332312,0.471216,"Uma Village, Cakaudrove, Northern, Viti"
-16.5037500003819,179.64124999999,0.140719,"Waivula, Uma Village, Cakaudrove, Northern, Viti"
-16.502083333715177,167.63958333332357,0.103983,"Malampa, Vanuatu"
-16.496250000381735,167.5945833333235,0.10107,"Malampa, Vanuatu"
-16.493750000381397,167.43791666665695,0.597419,"Malampa, Vanuatu"
-16.48875000071081,168.21416666665698,0.107816,"Rod blong Trak, Tavulai, Malampa, Vanuatu"
-16.476250000381185,167.777916666657,0.452351,"Port-Sandwich, Malampa, Vanuatu"
-16.472500001513026,179.7162499999897,0.102679,"Uma Village, Cakaudrove, Northern, Viti"
-16.467916667047632,167.81541666665703,0.368923,"Malampa, Vanuatu"
-16.467083333714186,168.21958333332384,0.176978,"Rod blong Trak, Tavulai, Malampa, Vanuatu"
-16.46625000038091,167.772916666657,1.46764,"Malampa, Vanuatu"
-16.447083333713806,145.4087499999912,0.111877,"Bougainvillea Street, Cooya Beach, Douglas Shire, Queensland, 4873, Australia"
-16.44625000038036,167.42791666665698,0.243806,"Stallen Memorial Church, Lawa, Malampa, Vanuatu"
-16.438333334843094,179.1520833333235,0.442635,"Sasa, Macuata, Northern, Viti"
-16.43375000038003,167.77458333332356,0.598582,"Malampa, Vanuatu"
-16.422083333713033,179.2795833333231,0.5944,"Vatudova, Macuata, Northern, Viti"
-16.41708333371298,179.26124999999,3.64143,"Vatudova, Macuata, Northern, Viti"
-16.409583333712817,167.7820833333235,0.321606,"Malampa, Vanuatu"
-16.40875000037937,179.31708333332347,4.20808,"Wailevu Village, Macuata, Northern, Viti"
-16.388750000378877,179.3387499999899,8.04034,"Labasa, Macuata, Northern, Viti"
-16.374583333711826,179.78374999998982,0.10372,"Cakaudrove, Northern, Viti"
-16.370416667045106,167.7787499999904,0.298745,"Malampa, Vanuatu"
-16.359583333711498,179.40458333332333,0.171382,"Macuata, Northern, Viti"
-16.340000001499675,168.29791666665687,1.47085,"Apma financial investment centre, Toak, Malampa, Vanuatu"
-16.338333335118307,168.0491666672251,0.164571,"Port Vato, Lanver, Malampa, Vanuatu"
-16.33625000083572,167.38333333332378,0.702435,"Malampa, Vanuatu"
-16.332083333710784,167.3845833333238,0.337016,"Malampa, Vanuatu"
-16.32708333371062,167.72208333332378,0.124124,"Malampa, Vanuatu"
-16.325000001498097,179.41708333332303,3.24928,"Macuata, Northern, Viti"
-16.298750000376685,168.30874999999037,0.119983,"Renau, Malampa, Vanuatu"
-16.26875000037586,179.53374999998982,2.69399,"Macuata, Northern, Viti"
-16.26708333422448,167.92416666665713,0.362285,"Craig Cove Airport, Wuro, Craig Cove (Fali), Malampa, Vanuatu"
-16.265416667042416,167.64041666665707,2.38632,"Malampa, Vanuatu"
-16.25708333370892,179.57041666665668,1.41219,"Macuata, Northern, Viti"
-16.251250000375364,179.59458333332327,2.28907,"Macuata, Northern, Viti"
-16.24875000037531,167.61874999999043,2.18813,"Unua 5, Malampa, Vanuatu"
-16.247500001490266,179.6112499999897,0.138091,"Macuata, Northern, Viti"
-16.22750000148818,167.60458333332383,0.569565,"Neramb, Malampa, Vanuatu"
-16.22583333482129,179.7654166666565,1.20498,"Macuata, Northern, Viti"
-16.222500001487674,179.82041666665646,0.168373,"Lagi, Macuata, Northern, Viti"
-16.217916667041038,167.57958333332385,0.234196,"Neramb, Malampa, Vanuatu"
-16.203333334819035,167.97874999999044,0.307629,"Malampa, Vanuatu"
-16.194166668151468,167.55041666665716,0.223071,"Malampa, Vanuatu"
-16.185416667040386,167.3895833333238,0.37,"Larevet, Malampa, Vanuatu"
-16.152916667039563,167.49124999999026,0.689718,"Malampa, Vanuatu"
-16.148750000372672,167.2312499999905,0.218816,"Leviamp, Malampa, Vanuatu"
-16.128750000372293,167.2912499999902,0.821614,"Horrok, Malampa, Vanuatu"
-16.101250000371635,168.14124999999035,0.12552,"Magam Centre School, Ranmouhu Village, Malampa, Vanuatu"
-16.099583333704857,168.16124999999033,0.277323,"Nazareth, Lonawa, Barrrereo, Malampa, Vanuatu"
-16.064583334382235,167.39166666665722,0.544616,"Malampa, Vanuatu"
-16.040416667036652,167.40124999999034,0.214567,"Malampa, Vanuatu"
-16.02625000036943,167.17624999999043,0.246556,"Legan, Malampa, Vanuatu"
-15.995416667035611,168.2495833333237,0.305981,"Ranwas, Penama, Vanuatu"
-15.99125000036878,167.18624999999042,0.152816,"Legan, Malampa, Vanuatu"
-15.979583334975814,167.36416666665696,0.213369,"WalaRano Mainland, Malampa, Vanuatu"
-15.970416667034954,167.34624999999028,0.667372,"Malampa, Vanuatu"
-15.955416667034456,168.19374999999047,0.802745,"Pangi, Penama, Vanuatu"
-15.950833334998492,168.27000000062253,0.162364,"Bunlap, Penama, Vanuatu"
-15.945416667034294,168.19124999999042,0.147291,"Pangi, Penama, Vanuatu"
-15.935416667033962,168.2637499999903,0.229951,"Ranon, Penama, Vanuatu"
-15.932083333700632,168.2637499999903,0.911693,"Ranon, Penama, Vanuatu"
-15.931250000367244,167.3279166666572,0.960039,"Orap School (Collegi d'Orap), Orap, Malampa, Vanuatu"
-15.917083333700193,168.27041666665707,0.16555,"Ranon, Penama, Vanuatu"
-15.912083333700023,167.3204166666569,0.196182,"Vao Mainland, Malampa, Vanuatu"
-15.897916667840263,167.1849999999904,0.159372,"Tontar Station, Matanvat Village, Malampa, Vanuatu"
-15.89708333369964,167.28208333332373,0.559408,"Vao, Malampa, Vanuatu"
-15.893750001543651,167.2754166666571,0.180782,"Vao, Malampa, Vanuatu"
-15.887083333699366,167.21208333332356,0.672101,"Tontar Station, Matanvat Village, Malampa, Vanuatu"
-15.856250000365208,168.26791666665713,0.123884,"Penama, Vanuatu"
-15.82458333369783,168.167916666657,0.105997,"Baravet, Penama, Vanuatu"
-15.771666668108535,168.2429166666568,0.321109,"Penama, Vanuatu"
-15.743750000362468,168.230416666657,0.304688,"Penama, Vanuatu"
-15.739583333695748,168.13791666665713,1.42536,"Melsisi, Penama, Vanuatu"
-15.73875000036236,167.2412499999905,0.10084,"Sanma, Vanuatu"
-15.7112500003617,168.22291666665706,0.260533,"Penama, Vanuatu"
-15.692083333694429,167.2312499999905,0.22277,"Sanma, Vanuatu"
-15.665416667027046,168.12124999999037,3.17815,"Bwatnapne school, Bwatnapne, Penama, Vanuatu"
-15.663750000360324,167.25041666665695,0.407297,"Sanma, Vanuatu"
-15.642916667026554,166.77291666665724,0.102226,"Nanomb, Sanma, Vanuatu"
-15.639166668095072,168.11874999999054,1.11313,"Namaram, Penama, Vanuatu"
-15.626250000359503,167.16624999999033,0.189106,"Luganville, Sanma, Vanuatu"
-15.625833334890729,168.124166667351,0.295187,"Namaram, Penama, Vanuatu"
-15.62375000035945,166.8695833333236,1.20553,"Ipayato, Sanma, Vanuatu"
-15.607083333692287,166.77958333332413,0.21894,"Tasiriki, Sanma, Vanuatu"
-15.602083334717976,168.12666666665712,0.116964,"Penama, Vanuatu"
-15.597083333691955,166.90541666665715,1.17932,"Pakataora, Sanma, Vanuatu"
-15.585416667025186,166.94041666665714,1.26891,"Wailapa, Sanma, Vanuatu"
-15.585416667025186,167.0437499999905,0.427485,"Naoneban, Vulesepe, Sanma, Vanuatu"
-15.583750001397275,166.77833333332376,0.284096,"Pelmoli, Sanma, Vanuatu"
-15.582083333691742,166.9512499999903,0.214948,"Namalo, Sanma, Vanuatu"
-15.581250000358295,166.95958333332374,0.124952,"Namalo, Sanma, Vanuatu"
-15.581250000358295,168.1295833333238,0.124924,"Abwatunvutu, Penama, Vanuatu"
-15.579583333691572,166.97208333332355,1.06702,"Namalo, Sanma, Vanuatu"
-15.56791666702469,168.13541666665697,0.101288,"Latano, Penama, Vanuatu"
-15.558750000357747,167.1437499999903,0.689734,"Luganville, Sanma, Vanuatu"
-15.550416667024194,168.1462499999907,0.232122,"Loltong, Penama, Vanuatu"
-15.527083333690255,168.1437499999904,0.177416,"Labultamata, Penama, Vanuatu"
-15.520000001416465,167.22791666665694,0.572345,"Banban, Sanma, Vanuatu"
-15.517916667023483,167.17124999999032,24.228,"753 River Street, Side River, Luganville, Sanma, Vanuatu"
-15.515416667023374,167.17541666665716,8.82324,"Allan Power Dive Center, Rue Dumont D'Urville, Lausvatu, Luganville, Sanma, Vanuatu"
-15.514583333689927,167.19458333332386,2.73499,"Freshwind, Barrick, Sanma, Vanuatu"
-15.506250000356433,166.7112499999905,0.140255,"Jaravanus, Sanma, Vanuatu"
-15.478750000355603,167.2312499999905,0.333832,"President College Street, Banban, Sanma, Vanuatu"
-15.461250000355278,167.2170833333238,0.115358,"Suranda, Sanma, Vanuatu"
-15.450416667021614,167.21791666665695,0.433037,"Saraoutou, Sanma, Vanuatu"
-15.380416667019915,167.1887499999907,0.479797,"Santo East Coast Road, Matevulu, Sanma, Vanuatu"
-15.376250000353082,167.1912499999903,0.16897,"Oyster Island Resort, Santo East Coast Road, Matevulu, Sanma, Vanuatu"
-15.358750000352757,167.93958333332353,0.110753,"Lovanue, Navaksara, Penama, Vanuatu"
-15.342916667018926,167.94958333332352,0.118372,"Lovanue, Navaksara, Penama, Vanuatu"
-15.330416667018651,167.17958333332354,4.12566,"Santo East Coast Road, Turtle bay, Sanma, Vanuatu"
-15.327500001397029,167.1787499999906,4.10178,"Santo East Coast Road, Turtle bay, Sanma, Vanuatu"
-15.307083334915148,167.97999999999035,0.215432,"Halolo, Navonda, Penama, Vanuatu"
-15.299583333684325,167.8695833333236,0.147677,"Lombaha Passage, Main Road, Vusinakavika, Lolopuepue, Penama, Vanuatu"
-15.28708333368428,167.9029166666569,0.134432,"Main Road, Vusinakavika, Lolopuepue, Penama, Vanuatu"
-15.284583333684168,167.91124999999033,0.138376,"Main Road, Vusinakavika, Lolopuepue, Penama, Vanuatu"
-15.278750000350556,167.94791666665685,0.299633,"Lowaluieru, Lo One, Penama, Vanuatu"
-15.222916667015909,167.16958333332354,0.648604,"Kole 2, Sanma, Vanuatu"
-15.171250000347868,166.88208333332398,0.766517,"Sanma, Vanuatu"
-15.168750000347814,166.8645833333236,0.366558,"Sanma, Vanuatu"
-15.167916667014538,166.8987499999903,4.04589,"Sanma, Vanuatu"
-15.167083333681148,166.85208333332366,0.110914,"Malau Health Centre, Big Bay Highway, Malau, Sanma, Vanuatu"
-15.160416667014374,166.95041666665713,0.506964,"Road to Matantas, Matantas, Sanma, Vanuatu"
-15.159583333680985,166.82874999999046,0.820763,"Tolomako, Sanma, Vanuatu"
-15.15625000034754,166.82458333332386,1.33119,"Tolomako, Sanma, Vanuatu"
-15.147083333680657,167.10874999999032,0.673929,"Hog Harbour, Sanma, Vanuatu"
-15.1445833336806,167.10791666665705,0.326627,"Hog Harbour, Sanma, Vanuatu"
-15.12208333368011,166.97958333332372,0.148621,"Sanma, Vanuatu"
-15.090416667012562,167.07874999999024,0.102572,"Santo East Coast Road, Sector 3, Hog Harbour, Sanma, Vanuatu"
-15.089583333679286,166.80874999999048,0.163778,"Sanma, Vanuatu"
-15.077916668393016,166.6233333333238,0.118297,"Wunavae, Sanma, Vanuatu"
-15.039166668034568,166.8037499999907,0.146422,"Pelvus, Sanma, Vanuatu"
-15.036666668013368,167.066666665836,0.24648,"Sector 1, Port Olry, Sanma, Vanuatu"
-14.991250001779065,167.0566666666571,0.274735,"Lorwe, Sanma, Vanuatu"
-14.982916667009874,166.7937499999906,1.39572,"Sanma, Vanuatu"
-14.96541666700938,167.0537499999905,0.14582,"Lotoror, Sanma, Vanuatu"
-14.704583333669518,166.64958333332356,0.510576,"Sanma, Vanuatu"
-14.69875000033602,166.57458333332374,0.152748,"Wunpuko, Sanma, Vanuatu"
-14.65125000033487,166.61958333332382,0.21627,"Sanma, Vanuatu"
-14.302916666992814,167.4320833333236,0.772752,"Torba, Vanuatu"
-14.245416666991275,167.59708333332355,0.126079,"Air Port, Lesus, Torba, Vanuatu"
-14.217083333657342,167.46208333332356,0.456419,"Torba, Vanuatu"
-14.20291666699029,167.54291666665688,0.155153,"Torba, Vanuatu"
-13.87125000237114,167.54749999999035,0.557431,"Airport Road, Arev, Sola (Sol), Torba, Vanuatu"
-13.68125000031057,167.6970833333237,0.101294,"Ngerenigmen, Aplow, Torba, Vanuatu"
-13.43458333363776,166.70541666665713,0.98501,"Toga School, Liteu, Torba, Vanuatu"
-11.778750000263756,160.50624999999127,0.821729,"Rennell and Bellona, Solomon Islands"
-11.596666666861324,166.90000000147472,0.200945,"Lovoko, Temotu, Solomon Islands"
-11.55625000025816,160.0687499999908,1.24331,"Tepoogima, Rennell and Bellona, Solomon Islands"
-11.305000000998916,166.5237499999905,0.273454,"Temotu, Solomon Islands"
-11.302916666918804,166.54291666665722,0.217941,"Temotu, Solomon Islands"
-11.275416666918147,159.7620833333242,0.543931,"Matahenua, Rennell and Bellona, Solomon Islands"
-11.275416666918147,166.54208333332429,0.1803,"Temotu, Solomon Islands"
-10.872916666908282,122.96708333332596,1.8973,"Rote Ndao, Nusa Tenggara Timur, Nusa Tenggara, Indonesia"
-10.837083333574128,162.13374999999075,0.100058,"Makira-Ulawa, Solomon Islands"
-10.8279166669073,122.82374999999251,0.97533,"Oelolot, Rote Ndao, Nusa Tenggara Timur, Nusa Tenggara, Indonesia"
-10.818750000240357,162.26041666665742,0.128697,"Makira-Ulawa, Solomon Islands"
-10.801250000240032,162.24458333332404,0.182788,"Makira-Ulawa, Solomon Islands"
-10.747083333571824,122.91208333332588,0.4089,"Rote Ndao, Nusa Tenggara Timur, Nusa Tenggara, Indonesia"
-10.737083333571832,123.2520833333258,1.49881,"Sonimanu, Rote Ndao, Nusa Tenggara Timur, Nusa Tenggara, Indonesia"
-10.720416669992003,161.7749999999911,0.289319,"Makira-Ulawa, Solomon Islands"
-10.707916669994177,161.76249999999106,0.129554,"Makira-Ulawa, Solomon Islands"
-10.703750000237504,152.70291666665776,0.183223,"Samarai-Murua District, Milne Bay, Southern Region, Papua Niugini"
-10.70041666690406,152.3704166666579,0.235696,"Milne Bay, Southern Region, Papua Niugini"
-10.70041666690406,152.76624999999137,1.69618,"Loaga Mission, Bwagaoia, Milne Bay, Southern Region, Papua Niugini"
-10.697916666904064,152.77874999999108,0.220793,"Loaga Mission, Bwagaoia, Milne Bay, Southern Region, Papua Niugini"
-10.693750003329969,161.72416666665754,0.108479,"Makira-Ulawa, Solomon Islands"
-10.691250000237346,152.80624999999122,0.235707,"Loaga Mission, Bwagaoia, Milne Bay, Southern Region, Papua Niugini"
-10.689166666672747,165.8183333317843,0.504797,"Namo, Graciosa Bay Ward, Temotu, Solomon Islands"
-10.687916666903732,152.84791666665774,0.978174,"Bwagaoia, Milne Bay, Southern Region, Papua Niugini"
-10.684583336664788,162.22083333332432,0.423847,"Makira-Ulawa, Solomon Islands"
-10.6816666676051,150.40541666665786,0.128815,"Ilo'ilo, Milne Bay, Southern Region, Papua Niugini"
-10.675416666903573,162.20708333332425,0.199557,"Makira-Ulawa, Solomon Islands"
-10.667916666903407,123.10958333332576,0.528183,"Rote Ndao, Nusa Tenggara Timur, Nusa Tenggara, Indonesia"
-10.66375000333494,150.31749999999147,0.188183,"Modewa, Milne Bay, Southern Region, Papua Niugini"
-10.6595833335698,166.00458333332415,0.310035,"Gua ?, North East Santa Cruz Ward, Temotu, Solomon Islands"
-10.6570833335698,150.19958333332477,0.121359,"Navabu, Milne Bay, Southern Region, Papua Niugini"
-10.654583333569803,150.32374999999115,1.9784,"Modewa, Milne Bay, Southern Region, Papua Niugini"
-10.650416666903029,123.15458333332585,0.696935,"Rote Ndao, Nusa Tenggara Timur, Nusa Tenggara, Indonesia"
-10.650416666903029,150.1387499999912,0.110171,"Savaia, Milne Bay, Southern Region, Papua Niugini"
-10.640416666902752,151.04041666665807,0.116565,"Milne Bay, Southern Region, Papua Niugini"
-10.636250000235862,123.17791666665904,0.151382,"Tunganamo, Rote Ndao, Nusa Tenggara Timur, Nusa Tenggara, Indonesia"
-10.636250000235862,152.73791666665784,0.312074,"Milne Bay, Southern Region, Papua Niugini"
-10.610833334264951,162.1754166666576,1.53636,"House 1, 1, Pihuru Village, Makira-Ulawa, Solomon Islands"
-10.607916666901872,150.574583333325,0.121546,"Matodana Plantation, Milne Bay, Southern Region, Papua Niugini"
-10.599583333568376,123.37291666665932,0.2739,"Rote Ndao, Nusa Tenggara Timur, Nusa Tenggara, Indonesia"
-10.594583333568266,150.94541666665782,0.111438,"Milne Bay, Southern Region, Papua Niugini"
-10.592083336680275,162.1591666666576,0.137432,"Makira-Ulawa, Solomon Islands"
-10.591250000234936,123.2662499999924,0.154344,"Bolatena, Rote Ndao, Nusa Tenggara Timur, Nusa Tenggara, Indonesia"
-10.588750000234825,123.31291666665902,1.82874,"Rote Ndao, Nusa Tenggara Timur, Nusa Tenggara, Indonesia"
-10.580416666901328,150.64958333332447,0.885784,"Milne Bay, Southern Region, Papua Niugini"
-10.572916666901165,162.1562499999908,0.360281,"Makira-Ulawa, Solomon Islands"
-10.553750000233949,162.14291666665758,0.148221,"Makira-Ulawa, Solomon Islands"
-10.524583333566682,162.12374999999065,0.522988,"Makira-Ulawa, Solomon Islands"
-10.50541666689952,162.0262499999908,1.4138,"Makira-Ulawa, Solomon Islands"
-10.50541666689952,162.10958333332417,1.21754,"Makira-Ulawa, Solomon Islands"
-10.504583336694507,162.03999999999087,0.492689,"Makira-Ulawa, Solomon Islands"
-10.502083333566077,150.03541666665797,0.393314,"Leilei'afa, Milne Bay, Southern Region, Papua Niugini"
-10.48166666758584,161.96958333332418,0.633641,"Kirakira, Makira-Ulawa, Solomon Islands"
-10.467916666898477,150.5912499999913,0.105794,"Lamhaga, Milne Bay, Southern Region, Papua Niugini"
-10.459583336701655,150.56666666665785,1.25901,"Lamhaga, Milne Bay, Southern Region, Papua Niugini"
